b'Anggota DPR Sarankan Desain Istana Negara di IKN Disayembarakan https://t.co/ilKUMdqsrz',Kandidat
b'Beberapa waktu yang lalu Presiden Joko Widodo mengunggah video salah satu usulan desain istana negara di media sosial\n\nPresiden @jokowi meminta masukan masyarakat Indonesia terkait pradesain Istana Negara Indonesia di Ibukota yang baru.\n\nMenurut kakak-kakak bagaimana?\n\n#Indonesia https://t.co/h2MQSM7OWq',Partai NasDem
"b'Top 3 Tekno Berita Kemarin, Sabtu 10 April 2021, didominasi dua artikel berisi kritik atas desain terpilih Istana Negara. Kritik kali ini datang dari Guru Besar Arsitektur ITB. Dia menyoroti buruknya rancangan bangunan pendukung istana. #TempoTekno https://t.co/wYrHEZa9gH'",TEMPO.CO
"b'Guru Besar Sekolah Arsitektur, Perencanaan dan Pengembangan Kebijakan ITB menilai arsitektur Istana Garuda kurang pas.\xc2\xa0\nhttps://t.co/UMlybi0VF7'",Robbie Kawuwung
"b'Terlalu simbolik, tidak fungsional. Boleh jadi cermin mindset pemerintah saat ini yg lebih mengutamakan simbol\xc2\xb2 dibanding fungsi. Termasuk dlm urusan ideologi Pancasila. Ciri pandangan tradisional agraris di tengah hiruk pikuk narasi industri 4.0 https://t.co/yxsdbjQjKt'",Aidul Fitriciada A
"b'Desain Istana Negara, Profesor ITB: Bagai Dicaplok Sosok Garuda https://t.co/Qh0vPQ0cmj'",Bisnis.com
"b'@fullmoonfolks Padahal belum ada pengumuman resmi desain istana negara yg baru. Wajar lah, kerjanya di tirto \xf0\x9f\xa4\xa3'",kenapa banyak
"b'@fullmoonfolks Desain istana negara gak nengok ke kanan-kiri, tapi ke tengah, akrobatnya bakal lebih panjang gak?'",0%
"b'Desain Acak2n Apalagi Pelaksanaan Sumber Duitnya Acak2n !!\xf0\x9f\x98\x9c\n\nGuru Besar Arsitektur ITB, Himasari H :\n""Bukan hanya desain Istana Negara \'kurang pas\' secara arsitektur. Penempatan gedung2 pendukung istana dirancang secara acak2an.""\n\n#PKIMusuhSemuaAgama\nhttps://t.co/P7D5TYeYhY'",üõëüõëüõë_Oposisi_Kecil_üõëüõëüõë
"b'Desain istana negara kureng katanya, tapi di dubai desainnya aneh2 malah ada yang kek teko aladin bagus2 aja judgenya.'",savior
b'Apakah akan ada counter dari KK seni rupa?????\nhttps://t.co/37Cfip9psw',ùñÜùñòùñäùñï ùñóùñîùññùñé‚Äô
"b'Pada akhirnya pancasila (garuda, dan metafora lainnya) ya cuma jadi simbol kosong, jadi ideologi udah kejauhan sama realitas sosialnya. ""Damai itu indah"" kalau kata spanduk koramil, begitu ditanya maknanya ya ngga ada yang bisa jawab\nhttps://t.co/14WCso1aK8'",Bhagavad Sambadha
"b'GEDUNG ISTANA KOK DIKANGKANGI GARUDA. \n\n""Bangunan harus eksis tidak boleh ditunggangi bentuk-bentuk lain.""\n\nTanggapi Desain Istana Negara Ibu Kota Baru, Guru Besar ITB: Kurang Pas, Tidak Etis https://t.co/tSVEflZWRX\n\n#PKIMusuhSemuaAgama \n#PKIMusuhSemuaAgama'",dancersejati1
"b""Bukan hanya desain Istana Negara terpilih yang disebutnya 'kurang pas' secara arsitektur. Penempatan gedung-gedung pendukung istana di bakal lokasi ibu kota baru RI di Kalimantan Timur pun dinilai dirancang secara acak-acakan. #TempoTekno https://t.co/OV7iAdQNZY""",TEMPO.CO
"b'Desain Istana Negara Ibu Kota Baru, Guru Besar ITB: Kurang Pas\nhttps://t.co/emq0O25anG'",MEDIA OPOSISI CERDAS
"b'Tanggapi Desain Istana Negara Ibu Kota Baru, Guru Besar ITB: Kurang Pas, Tidak Etis\nhttps://t.co/L0WyZomWXM'",DEMOCRAZY News
b'Bappenas Kumpulkan 5 Asosiasi Bahas Desain Garuda Istana Negara https://t.co/sFgAaZKFYx',Mint Leaf Indonesia
"b'@tempodotco Elemen apapun harus menyatu, utuh sebagai satu kesatuan karya seni, termasuk seni arsitektur. Boleh saja bngunan menyerupai atau ""dominasi"" garuda, tapi jangan ada kesan titipan atau tempelan.\nhttps://t.co/Ugvz2kdyOC'",#DEMARKASIimajiner
"b'Guru Besar Sekolah Arsitektur, Perencanaan dan Pengembangan Kebijakan Institut Teknologi Bandung Himasari Hanan menilai arsitektur Istana Garuda kurang pas. #TempoTekno https://t.co/K2i6V4AGky'",TEMPO.CO
"b'Dengan masukan-masukan itu nantinya, saya akan mengundang kembali para arsitek dan para ahli lainnya untuk melakukan pengkayaan pradesain menjadi basic desain Istana Negara.'",Aguss
b'Kita punya arsitek sekelas Pak Ridwan Kamil. Kenapa ngga beliau diminta desain istana negara kemarin kalo emang sayembaranya tertutup untuk beberapa arsitek saja. https://t.co/88aPdD3I1v',üôÇ
"b'@kumparan Mohon izin, mimin Sultan. Ini ide desain istana negara dari netizen sudah sulit diterima nalar.  Jangan nambah-nambahin. \xf0\x9f\x98\xad'",kumparanplus
"b'Desain Istana Negara Ibu Kota Baru Belum Final, Pemerintah Buka Opsi Sayembara https://t.co/O0HZ84bv29\n\nCari berita lain? Klik di sini https://t.co/5V0ZVxyHrn https://t.co/COrBBRaM7n'",Yahoo Indonesia
"b'@emilsalim2010 Sama yah pak,,kalau ada pertanyaan melihat desain istana negara di ibukota baru, uang ratusan bahkan ribuan trilyun mengapa uang itu tidak utamakan pendidikan ketimbang istana  baru sang raja..'",Bram Hardiyanto
"b'@TAEHYUNGlllE sepertinya Jadi kak, kan kemaren presiden ada kasih liat desain istana negara buat disana \xf0\x9f\xa5\xb2'",naaÏßÑ‚òΩ
"b'Kritik Desain Istana Negara Ibukota Baru, Guspardi Gaus: Harusnya Disayembarakan Dulu https://t.co/BUFn1EvGEE'",Fraksi PAN DPR RI
"b'Pemerintah membuka opsi sayembara desain Istana Negara di Ibu Kota Negara (IKN), di Kalimantan Timur. Opsi ini dilakukan pemerintah setelah desain Istana Negara sebelumnya mendapatkan kritik dari banyak pihak.\n\nSelengkapnya https://t.co/7Ap46DquZG https://t.co/TrlIGgJgcT'",IDN Times
"b'Tanggapi Protes Desain Garuda Istana Negara IKN, Menteri PPN: Why Not - https://t.co/wwMtXDDwCv - https://t.co/wwMtXDDwCv https://t.co/TXM48xFumu'",Jakarta Tour Travel
"b'Pemerintah membuka opsi sayembara desain istana negara di ibu kota baru, Kalimatan Timur usai rancangan istana negara berbentuk burung garuda menuai kritik dari asosiasi arsitek dan warganet. \nhttps://t.co/4fFsSfwOEL'",Urbanasia
"b'Desain Istana Negara Ibu Kota Baru Belum Final, Pemerintah Buka Opsi Sayembara https://t.co/MxwkDkii2b'",Liputan6.com
"b'Setelah Istana Negara, Nyoman Nuarta Ungkap Desain Masjid Agung Ibu Kota Baru\n(selengkapnya)\nhttps://t.co/rxAXvZjinR\n\n#mediapromoindonesia\n#viral2021 \n#Trending \n#ibukotabaru https://t.co/E43TqAaTPq'",media promo indonesia
"b'Menteri Perencanaan Pembangunan Nasional (PPN)/Kepala Bappenas, Suharso Monoarfa menjelaskan mengenai desain istana negara di Ibu Kota Baru.\n\nhttps://t.co/OQxmof3X31'",CNBC Indonesia
b'Pemerintah Buka Opsi Sayembara Desain Istana Negara di Ibu Kota Baru https://t.co/igP5I995lO',Jawa Pos
b'Sudah melihat desain Istana Negara di Calon Ibukota Baru di Vlognya Mr. President. Melihat Vlog tersebut timbul rasa kasihan karena untuk mewujudkan ambisinya harus menggerus keuangan Negara + Menambah Hutang Negara #kasihan1',Adjie Anderson Gates
"b'Kemarin, sayembara desain Istana Negara sampai 81 juta orang mudik - ANTARA News Jawa Barat https://t.co/WMzK2fFCuh'",Antara Jabar
"b'Kemarin, sayembara desain Istana Negara hingga 81 juta orang bakal mudik https://t.co/WsOJIbbMO2'",ANTARA SULTENG
"b'Tanggapi Protes Desain Garuda Istana Negara IKN, Menteri PPN: Why Not\n\nKlik link untuk baca: https://t.co/t85qRLnCBS \n\nDownload aplikasi https://t.co/L7MtnFqrOU:\nGoogle Play: https://t.co/Q1NAXRDPAv \nApp Store: https://t.co/ErZWHuG7vM'",suryanatoet
"b'Menurut dia, makna dari karya tersebut harus menjadi perhatian karena pemerintah menginginkan Istana Negara di ibu kota baru bersifat Indonesia sentris dan turut melambangkan identitas bangsa - #Money https://t.co/lYnFIzZlLK'",Kompas.com
b'Pemerintah buka sayembara desain Istana Negara di ibu kota baru - ANTARA News Jawa Barat https://t.co/vD54KfwDkL',Antara Jabar
"b'Kemarin, sayembara desain Istana Negara hingga 81 juta orang mudik https://t.co/WDeQRk4oOM'",ANTARA Business News
"b'Tanggapi Protes Desain Garuda Istana Negara IKN, Menteri PPN: Why Not https://t.co/Fy1cxgON7T'",MSNIndonesia
"b'Tanggapi Protes Desain Garuda Istana Negara IKN, Menteri PPN: Why Not https://t.co/FA2ZOp5Tpd'",Kompas Ekonomi
b'Menteri PPN Suharso Manoarfa tanggapi protes desain garuda pada Istana Negara Ibu Kota Negara (IKN) atau ibu kota baru karya Nyoman Nuarta. https://t.co/Vn3ezjfKax',Kompas.com
b'@kompascom Masa aku mikirnya desainnya disamakan saja dengan desain istana negara saat ini\nBiar ikonik tuh lhooo\nKan bentuk istana negara sekarang sudah tercetak di benak hampir seluruh warga Indonesiaaa',eragon's dragon
b'Desain Istana Negara IKN Mau Disayembarakan? Ini Kata Pemerintah https://t.co/Mg46k2asdS',Kompas Ekonomi
b'Pemerintah membuka opsi untuk melakukan sayembara arsitek desain Istana Negara yang akan dibangun di Ibu Kota Negara (IKN) atau ibu kota baru. https://t.co/uZE3LYDuh7',Kompas.com
"b'Kritik Desain Istana Negara Ibukota Baru, Guspardi Gaus: Harusnya Disayembarakan\xc2\xa0Dulu https://t.co/0rfRpg95j3'",radaraktualdotcom
b'Pemerintah Buka Opsi Sayembara Desain Istana Negara di Ibu Kota Baru\n\nhttps://t.co/eG6LfyKeSK',BORNEONEWS
b'Pemerintah buka opsi sayembara desain Istana Negara di ibu kota baru- ANTARA News \xe2\x80\x93\xc2\xa0Flash https://t.co/8mgohNwlbp',Opsiin
b'Pemerintah Buka Opsi Gelar Sayembara Desain Istana Negara di Ibu Kota Baru https://t.co/G71jXockXo',Bisnis.com
b'Pemerintah buka opsi sayembara desain Istana Negara di ibu kota baru https://t.co/rATwFRjBH2',ANTARA Business News
b'@ndraperkasa bahas desain istana negara yang baru gak kang?',Bintang
"b'Anggota DPR RI Komisi II Usulkan Desain Istana Negara Disayembarakan, Agar Masyarakat Bisa Ikut Terlibat\nhttps://t.co/yyT4ss2Ctw'",CerdikIndonesiaTwit
"b'ketika PEMATUNG bikin desain bangunan (istana negara, masjid nasional, bandara, taman/landskap),\n\nudahlah yang ARSITEK jualan gorengan aja. \n\nngga ngelarang sih bikin desain, tapi kalo eksposurnya kelewatan, yg kerja dibidang engineering bikin adonan kue aja udah'",Gea dan Gelatonya
b'Guspardi Gaus Sarankan Desain Istana Negara di IKN Disayembarakan\nhttps://t.co/Hx5cmMJbxA',NusaDaily.com
b'Guspardi Minta Desain Istana Negara di Ibu Kota Negara Baru Disayembarakan - Fraksi PAN DPR RI https://t.co/cC0Ao9M2Ey',Fraksi PAN DPR RI
b'Anggota DPR sarankan desain Istana Negara di IKN disayembarakan https://t.co/QxfapGsRX5',Bocoran Togel
b'GG PAN Minta Desain Istana Negara Lebih Partisipatif https://t.co/hH2tauMgGa',GoSumbarcom
b'Anggota DPR sarankan desain Istana Negara di IKN disayembarakan https://t.co/4eZRRKzASQ',PREDIKSI TOGEL WAP | DEWITOGEL
"b'""Keterlibatan masyarakat itu sangat penting, yang terlibat representatif dari masyarakat dari kaum profesional yang mengerti dan memang ahli di bidangnya. Kita harap Pemerintah menggelar sayembara walaupun Pemerintah mengatakan masih pra-desain,"" https://t.co/hjhIk1F6lz'",Antara Kalteng
"b'Sahabat bgmn menurut Anda desain #istana negara baru ini? Saya tdk damai sejahtera, spt IBLIS RAKSASA YG MENGUASAI. Sebelum nya ada Bina Graha, bhs Sansekerta artinya ""bina iblis"" dlm bhs Inggris ""evil management"". Graha artinya iblis, sedang Grha (tanpa ""a"") artinya rumah. https://t.co/EnLoRR1Mxr'",Christovita Wiloto
"b'Sahabat bgmn menurut Anda desain #istana negara baru ini? Saya tdk damai sejahtera, spt IBLIS RAKSASA YG MENGUASAI. Sebelum nya ada Bina Graha, bhs Sansekerta artinya ""bina iblis"" dlm bhs Inggris ""evil management"". Graha artinya iblis, sedang Grha (tanpa ""a"") artinya rumah. https://t.co/bhcuLk6Tah'",Christovita Wiloto
"b'Sahabat bgmn menurut Anda desain #istana negara baru ini? Saya tdk damai sejahtera, spt IBLIS RAKSASA YG MENGUASAI. Sebelum nya ada Bina Graha, bhs Sansekerta artinya ""bina iblis"" dlm bhs Inggris ""evil management"". Graha artinya iblis, sedang Grha (tanpa ""a"") artinya rumah. https://t.co/kRTS19E5qu'",Christovita Wiloto
"b'Sahabat bgmn menurut Anda desain #istana negara baru ini? Saya tdk damai sejahtera, spt IBLIS RAKSASA YG MENGUASAI. Sebelum nya ada Bina Graha, bhs Sansekerta artinya ""bina iblis"" dlm bhs Inggris ""evil management"". Graha artinya iblis, sedang Grha (tanpa ""a"") artinya rumah. https://t.co/um2AzfOhc5'",Christovita Wiloto
b'Sejumlah akun turut serta memviralkan gambar desain istana negara yang sempat ramai diperbincangkan di jagat maya. Akun Twitter milik arsitek @rizkidwika dan @ogiehart pu turut serta mengomentari hal tersebut. Seperti apa respons warganet lainnya? https://t.co/Fgh5RFaie6',Netray
b'Sayembarakan Desain Istana Negara Di IKN Agar Masyarakat Merasa Lebih Memiliki https://t.co/WkjgTIpvy0',amir fiqi
"b'Biasanya @KemenPU urusan ginian, @BappenasRI ga sekalian kontruksi?\n\nBappenas Kumpulkan 5 Asosiasi Bahas Desain Garuda Istana Negara https://t.co/mejkVRk1eS'",WismaKarya
"b'Desain Istana Negara Ibukota Baru Dikritik, Guspardi Gaus: Seharusnya Disayembarakan Dahulu https://t.co/bppPsI2yhV'",REPUBLIK MERDEKA | RMOL.ID
"b'Desain Istana Negara Ibukota Baru Dikritik, Guspardi Gaus: Seharusnya Disayembarakan Dahulu\nhttps://t.co/gZDpTJYBms'",MEDIA OPOSISI CERDAS
"b'Desain Istana Negara Baru Masih Sebatas Pembahasan, Kata Menteri Perencanaan Pembangunan Nasional https://t.co/4jhJYupRgL \n\n#indonesia #istananegara #ibukotabaru #pembangunan'",Selly Kurniawan
"b'Desain Istana Negara Ibukota Baru Dikritik, Guspardi Gaus: Seharusnya Disayembarakan Dahulu https://t.co/HR5h1hx9lj #Terbaru #berita #live #trending'",IDNpos.com
b'GG PAN Minta Desain Istana Negara Lebih Partisipatif https://t.co/BuMkuip5sx',GoNewsco
b'Desain Istana Negara baru tersebut bahkan disebut jauh dari peradaban kemajuan bangsa di era digital. Simak selengkapnya dalam infografik berikut atau klik https://t.co/8HgWWGsnsj #infographicOne #IstanaNegaraBaru #IbuKotaNegaraBaru #Kalimantan #INyomanNuarta #NyomanNuarta https://t.co/It3K0TVtaz',tvOneNews
b'Pemilihan desain Istana Negara baru karya I Nyoman Nuarta menuai polemik. Hal ini dipicu karena pemilihan desain tanpa melalui sayembara terbuka. 5 Asosiasi Arsitek menyampaikan kritik terhadap tertutupnya sayembara dan proses pemilihan desain. #infographicOne #IstanaNegaraBaru https://t.co/K7TxAcwgo2',tvOneNews
b'@EnggalPMT Desain istana negara yang baru yak? https://t.co/RLALPDyCeu',Andifa Putra
b'Bingung bet dah di Indo jelas jelas arsitek ada oraganisasi arsitek juga ada tapi kenapa pra desain istana negara dan masjid agung ibukota baru malah yang desain pemahat patung ya',bingaria
"b'baru liat rancangan desain istana negara di ibu kota baru,bentuknya kaya ga asing ya. oh iya kaya panggung dwp dipha barus.'",sf
"b'Bahas Desain Istana Negara, Suharso Kumpulkan Arsitek dan Perencana https://t.co/LYGXrFRNSz'",Jawa Pos
"b'#mostpop Kepala Bappenas Suharso Monoarfa akhirnya bertemu dengan arsitek yang tergabung dalam 5 asosiasi, salah satunya bahas desain burung garuda di Istana Negara. https://t.co/CPL6aGGmcy'",DetikFinance
"b'Kepala Bappenas Suharso Monoarfa akhirnya bertemu dengan arsitek yang tergabung dalam 5 asosiasi, salah satunya bahas desain burung garuda di Istana Negara. https://t.co/g2Tpt89bqZ'",DetikFinance
"b'Kepala Bappenas Suharso Monoarfa akhirnya bertemu dengan arsitek yang tergabung dalam 5 asosiasi, salah satunya bahas desain burung garuda di Istana Negara. https://t.co/wJw0PmdIt5'",detikcom
b'@jokowi sebaiknya desain istana di ibukota baru manfaatkan budaya daerah dayak untuk lestarikan adat+budaya dayak &amp; penghormatan sebagai pendatang ke rumah orang serta pemerintah harus beri contoh penggunaan lambang negara yg baik &amp; pantas.\nhttps://t.co/f5l7tbBc9h',Franky Tts
"b'Ada netizen menilai desain Istana Negara karya Nyoman Nuarta di ibu kota baru, mirip panggung DWP 2019. Apa iya? Coba kita bandingkan. https://t.co/da5eOiyC0k'",kumparan
b'Inilah Pradesain Istana Negara di Ibu Kota yg baru \nKarya seniman patung kenamaan Nyoman Nuarta \nWow keren desain nya\xf0\x9f\x91\x8d\xf0\x9f\x98\x8d\xe2\x9d\xa4\xef\xb8\x8f\xf0\x9f\x87\xae\xf0\x9f\x87\xa9 https://t.co/L9JP6F4mZ8',Dianty_Yasmin3
"b'Selesai desain istana negara, Nyoman Nuarta pamerin rancangan Masjid Agung! Belom pasti direalisasikan sih, tapi ada yang lo suka dari desain ini nggak, Kawula Muda?\n\n#PramborsNews \n\nhttps://t.co/d8sVihpP8g https://t.co/cKIN5Oje6U'",102FM Prambors SMG
"b'Selesai desain istana negara, Nyoman Nuarta pamerin rancangan Masjid Agung! Belom pasti direalisasikan sih, tapi ada yang lo suka dari desain ini nggak, Kawula Muda?\n\n#PramborsNews \n\nhttps://t.co/t1YkHNs6fR https://t.co/eLyPLOEFTk'",95.8 FM Prambors Jogja
"b'Selesai desain istana negara, Nyoman Nuarta pamerin rancangan Masjid Agung! Belom pasti direalisasikan sih, tapi ada yang lo suka dari desain ini nggak, Kawula Muda?\n\n#PramborsNews \n\nhttps://t.co/jc8cel5aar https://t.co/HoZSAAhrvH'",prambors
"b'Selesai desain istana negara, Nyoman Nuarta pamerin rancangan Masjid Agung! Belom pasti direalisasikan sih, tapi ada yang lo suka dari desain ini nggak, Kawula Muda?\n\n#PramborsNews \n\nhttps://t.co/AopB8ZhPxt https://t.co/h7tOxPyDDw'",105.1FM Prambors Makassar
"b'Selesai desain istana negara, Nyoman Nuarta pamerin rancangan Masjid Agung! Belom pasti direalisasikan sih, tapi ada yang lo suka dari desain ini nggak, Kawula Muda?\n\n#PramborsNews \n\nhttps://t.co/VdSCTurYxP https://t.co/1PVMj1SHl5'",98.4 FM Prambors BDG
"b'Selesai desain istana negara, Nyoman Nuarta pamerin rancangan Masjid Agung! Belom pasti direalisasikan sih, tapi ada yang lo suka dari desain ini nggak, Kawula Muda?\n\n#PramborsNews \n\nhttps://t.co/QfHDGuK3ps https://t.co/lwLzKKz4zc'",97.5FM Prambors MDN
"b'Selesai desain istana negara, Nyoman Nuarta pamerin rancangan Masjid Agung! Belom pasti direalisasikan sih, tapi ada yang lo suka dari desain ini nggak, Kawula Muda?\n\n#PramborsNews \n\nhttps://t.co/xVPk8bF9Hi https://t.co/VlPMxJCfma'",89.3FM Prambors SBY
"b'Selesai desain istana negara, Nyoman Nuarta pamerin rancangan Masjid Agung! Belom pasti direalisasikan sih, tapi ada yang lo suka dari desain ini nggak, Kawula Muda?\n\n#PramborsNews \n\nhttps://t.co/M5YOFcgdYS https://t.co/gUo3Sw2fmF'",99.2FM Prambors Solo
"b'Ngapa jadi arsitek yang pusing ama desain istana negara ibu kota baru, harusnya mah engineer sipilnya lah hahaha'",Muhammad Agung
b'Menurut info seperti ini penampakan desain Istana Negara...\n\n#NusantaraBukanKhilafah https://t.co/7dPtoseryn',‡º∫ Í¶§Í¶∂Í¶† ‡ºª
b'Suharso Manoarfa: Desain Ibu Kota Negara dan Istana Negara Perlu Banyak Diskusi https://t.co/44tuEeXD8Q',Jurnaltoday.id
"b'Bahas Desain Istana Negara Ibu Kota Baru, Kepala Bappenas Kumpulkan Arsitek https://t.co/r6PzoNywTC'",Berita Properti
b'Jokowi minta masukan masyarakat untuk pengkayaan desain Istana Negara\n\n#DesainIstanaNegara\n#IbukotaBaru\n#BurungGaruda #Pancasila\n#BhinekaTunggalIka\n\nhttps://t.co/avIMjgLCvo',Lentera Citra üáÆüá©
b'PRA DESAIN ISTANA NEGARA \nkeren bgt ngetttt !!\naku dukunggg\xf0\x9f\x98\x9d',stroberibala
b'Desain Istana Negara Masuki Tahap Gagasan Awal https://t.co/uEp3G58yZP',SUARAMERDEKA.COM
"b'@IMCMushroom Desain Burung garuda cocoknya untuk museum, bukan untuk ISTANA NEGARA'",CINDAKU MALALAK
"b'Bahas Desain Istana Negara Ibu Kota Baru, Kepala Bappenas Kumpulkan Arsitek #LengkapCepatBeritanya #Keuangan #Ekonomi #InfoProperty #Property . https://t.co/PCjWtr2AGQ'",Okezone
"b'Pemilihan desain Istana Negara baru, karya I Nyoman Nuarta menuai polemik. 5 Asosiasi Arsitek menyampaikan kritik atas desain istana negara yang disebut tidak mencerminkan kemajuan peradaban bangsa diera digital https://t.co/DpV4oBjAub #NewsOne #IstanaNegaraBaru #NyomanNuarta https://t.co/Z2sJSQFYKW'",tvOneNews
"b'Ridwan Kamil Posting Desain Istana Negara di Ibu Kota Baru, Ini Komentar Netizen https://t.co/vUIii5EaSu'",depokrayanews.com
"b'Ridwan Kamil Posting Desain Istana Negara di Ibu Kota Baru, Ini Komentar\xc2\xa0Netizen https://t.co/vUIii5mA0W'",depokrayanews.com
b'@AzahraNuralika bisa-bisanya dikejar 12 hari buat 12 desain \xf0\x9f\x98\xb1\nhttps://t.co/Tp8EQ8lq9Q',zufazka
"b'Jokowi Minta Masukan Desain Bangunan Ibu Kota Negara Baru, Ini Deretan Istana Presiden Terindah di Dunia \nhttps://t.co/9mUQuk3GXo'",iNews.id
"b'Jokowi Minta Masukan Desain Bangunan Ibu Kota Negara Baru, Ini Deretan Istana Presiden Terindah di Dunia https://t.co/dz6FTY30iv'",iNews
b'Desain Istana Negara Baru Karya I Nyoman Nuarta Tuai Polemik | tvOne https://t.co/2QAHnMFaR0',tvOneNews
b'Desain Istana Negara Baru Karya I Nyoman Nuarta Tuai Polemik | tvOne https://t.co/eZEHwooEfQ https://t.co/PRlBLotxrK',Ahmad Nor Maulana Af
"b'desain istana negara aja selesai dalam 12 hari, ta bisa juga dikebut siah'",zufazka
b'Arsitek Profesional Siap Beri Masukan Soal Desain Istana Negara yang\xc2\xa0Baru https://t.co/AcWxwzL9iq',Bimata Indonesia
"b'Setelah Istana Negara, Nyoman Nuarta Ungkap Desain Masjid Agung Ibu Kota Baru https://t.co/G6QUYvfWxe'",Liputan6.com
"b'Desain Istana Negara Garuda Ramai Dikritik, Iwan Fals: Terserah Bentuknya Kayak Apa, yang Jelas Berfungsi https://t.co/NSmE3Nmfxq'",Jitunews
"b'Kementerian PUPR memutuskan karya seniman patung Nyoman Nuarta memenangkan sayembara desain istana negara di ibu kota baru, Kalimantan Timur. Berikut profil dari Nyoman Nuarta.\n\nhttps://t.co/CqI5RpqtVh'",Katadata.co.id
"b'@satepadangenaak iyaa simbol negara, tapi gak cocok untuk dibuat desain istana negara dan jatuhnya kayak desain dwp'",null
"b'Beredar Pra-desain Istana Negara Kalimantan Timur, Modern dengan Dikelilingi Pohon dan Sungai https://t.co/GkjDWNlPzF https://t.co/9AEVwlqOaB'",Produk Medan
"b'Desain Garuda Istana Negara Ibu Kota Baru, Netizen: Seharusnya Patung Para Presiden Layaknya Hokage #IstanaNegara #DesainGarudaIstanaNegara https://t.co/DfeyK93aVX https://t.co/2v5iP0bRDt'",BaBe - Baca Berita
"b'\xf0\x9f\x93\xb7 Saya gak setuju\xe2\x80\xa6bagaimana dengan kalian? https://t.co/UBhEwEHaO2 (at Jakarta, Indonesia)... https://t.co/cEE9XXdSpA'",Mubarik‚Ä¢
"b'Saya gak setuju...bagaimana dengan kalian?\n\nhttps://t.co/UBhEwEYLFA @ Jakarta, Indonesia https://t.co/GkhM0d9sxK'",Mubarik‚Ä¢
"b'Wih keren bgt tu Desain istana negara di Kalimanta \xf0\x9f\x98\xb1 wah kalimantan ntar jdi ibu kota \xf0\x9f\x98\xad gua di kalimantan utara mau ke kaltim lah ntr nyari kerjaan \xf0\x9f\x98\x86 mana tau ntr banyak oppa oppa jalan"" kesono xixixixi.'",Tae Yong | Tika
b'Jokowi Pamer Desain Istana Negara Berbentuk Burung Garuda: Dikritik Arsitek hingga Respons Bappenas\n \nhttps://t.co/rwBGt30pBR via @tribunnews',Tribunnews.com
"b'Desain baru istana negara dibuat mirip garuda, semoga dananya gak dikorup, takutnya ntar malah mirip ayam kalo kena korup'",pie
"b'Ada temuan kalau perekrutan kelompok teroris melalui sosial media, lho. Ngomongin sosmed, skrg kita diawasi polisi virtual. Udah tahu? Terus, desain istana negara ibu kota baru jadi ramai dibicarakan warganet lho.\n\nMengapa? \nhttps://t.co/I0rcfqO55w\n\n#FomoSapiens #PodcastIndonesia https://t.co/kePJo7M7k2'",KBR
"b'@Greschinov Iya kak, dari desain istananya seperti istana kekaisaran zaman dulu. Istana negara kita lebih bagus, dikelilingi hutan...'",Nuga
"b'Desain Istana Negara Garuda Ramai Dikritik, Iwan Fals: Terserah Bentuknya Kayak Apa, yang Jelas Berfungsi https://t.co/VbT44V3VWc https://t.co/T47jV8A4ju'",liadarma
"b'Pemenang Sayembara Desain Istana Negara Ibu Kota Baru: Nggak Nyangka, Saya Biasanya Sering Kalah\n \nhttps://t.co/ruGMELuUNr via @tribunnews'",Tribunnews.com
"b'Desain istana negara yang bagus itu ya menampilkan keindahan arsitektur, bukan malah nampilin sosok burung segede mungkin karena jatuhnya terkesan norak.\nIni istana negara Tajikistan, Laos, Uni Emirat Arab, dan Turki. Indahnya dapet, kearifan lokalnya juga dapet. Ngga norak. https://t.co/2VKsV2FKHG'",erlangga greschinov.
b'Desain gedung istana negara yang bentuknya garuda emang same energy sama stage backdropnya DWP ya https://t.co/r4bJk6AmJi',„Ç¢„É≥„Éâ nekostoreid
"b'@yhabetul Balik ke selera sih, aku jg suka desainnya krn emg bagus bgt, tp buat sebuah istana negara aku lebih prefer ke desain yg sederhana tp agung dan megah, krn itu representasi dr pemimpin itu sendiri biar ga terlalu terkesan jomplang antara rakyat dan pejabat'",Iky
b'@_BangFu @ramotgun @satriaprbw Mau bikin desain istana negara di ibukota baru...',Ucup Carrick
b'emang kenapa desain istana negara bentuk garudanya?? kok aku liatnya cakeupp',maya gk?
"b'Desain Garuda Istana Negara Ibu Kota Baru, Netizen: Seharusnya Patung Para Presiden Layaknya Hokage https://t.co/irUlNZHM1j'",Berita Properti
"b'Udah bilang dari dulu kalau profesi arsitek di Indonesia jarang dihargai dan itu terbukti. Siapa sangka desain istana negara yang baru malah didesain oleh pemahat patung, bukanlah arsitek?'",Helmy
"b'12 konsep \n12 arsitek\n12 hari tenggat waktu presentasi... \n\nkenapa 12? \n\nPemenang Sayembara Desain Istana Negara Ibu Kota Baru: Nggak Nyangka, Saya Biasanya Sering Kalah - https://t.co/LK3MFCVojN https://t.co/lGTo6cvjOi'",#RAPyat
b'@KompasTV seribu argumen menilai rancangan Pra Desain Istana Negara di IKN tergantung kejernihan cara berfikirnya manusianya. klo sdh dirasuki negatif tingking ya outputnya pastilah negatif.....tpi mudah2an rakyat kita masih banyak yg waras',supra20618
b'12 hari 12 tipologi sekaligus wow panitianya menganut prinsip Bandung bondowoso kali ya ini. \n\nhttps://t.co/uSZnSWUG00',ü¶Ä
"b'Nyoman Nuarta mendadak viral usai memamerkan desain Garuda Istana Negara. Setelah itu, ia juga pamer desain masjid agung baru. Seperti apa? https://t.co/MWQYASpGXf'",detikcom
b'[BP] Pra Desain Istana Negara https://t.co/F5tIL0LTwa',Berita & Politik
b'Lah yg hasil sayembara gimana dah Pak. Udah bagus juga. Desain yg baru malah terlalu kaku. lagian Yg penting hasil kerjanya bukan ikonik/ngganya istana negara \xf0\x9f\xa4\xaa https://t.co/1dz26NdM6z',Adriana Andang
